t,Xi,Xa
7,0.0010756572885758883,1.602645407545166
8,0.30392962711763327,1.8219800965103867
9,0.3681819002565492,1.493817023208811
10,0.5754401941787023,1.3376365674205937
11,0.7200351008627706,1.2750726573192477
12,0.8646300075468389,1.2125087472179015
13,1.1640956586057793,1.0744435418823752
14,1.1640956586057793,1.0744435418823752
15,1.1640956586057793,1.0744435418823752
