t,Xa,Xi
0,1.602645407545166,0.0010756572885758883
8,1.6679891424352742,0.10808065521894701
9,1.566030740171836,0.14435626124068857
10,1.768624785471426,0.14129666038192265
12,1.5484447901981442,0.3978552969503142
30,1.2132666895920896,1.025272510896065
