t,Xi,Xa
7,0.013046451032592755,1.931171756285878
8,0.10466042641111509,1.4994149281290752
9,0.10788130200327316,1.4812716927634904
10,0.0771216493231088,1.5480614199665232
11,0.25188787419141756,1.4446189060161845
12,0.4266540990597263,1.341176392065846
13,1.1779995886820214,1.0738202919393545
14,1.1779995886820214,1.0738202919393545
15,1.1779995886820214,1.0738202919393545
