t,Xi,Xa
7,0.0010756572885758883,1.602645407545166
8,0.30392962711763327,1.8219800965103867
9,0.30392962711763327,1.8219800965103867
10,0.30392962711763327,1.8219800965103867
11,0.30392962711763327,1.8219800965103867
12,0.30392962711763327,1.8219800965103867
13,0.30392962711763327,1.8219800965103867
14,0.30392962711763327,1.8219800965103867
15,0.30392962711763327,1.8219800965103867