t,Xi,Xa
7,0.0010756572885758883,1.602645407545166
8,0.10808065521894701,1.6679891424352742
9,0.14435626124068857,1.566030740171836
10,0.15169662025345884,1.7582248255998898
11,0.28902263009702645,1.639088136403877
12,0.4263486399405941,1.5199514472078641
13,0.4263486399405941,1.5199514472078641
14,0.4263486399405941,1.5199514472078641
15,0.4263486399405941,1.5199514472078641
